idDnia;wartosc;idMiesiaca_FK
1;1;1
2;2;1
3;3;1
4;4;1
5;5;1
6;6;1
7;7;1
8;8;1
9;9;1
10;10;1
11;11;1
12;12;1
13;13;1
14;14;1
15;15;1
16;16;1
17;17;1
18;18;1
19;19;1
20;20;1
21;21;1
22;22;1
23;23;1
24;24;1
25;25;1
26;26;1
27;27;1
28;28;1
29;29;1
30;30;1
31;31;1
32;1;2
33;2;2
34;3;2
35;4;2
36;5;2
37;6;2
38;7;2
39;8;2
40;9;2
41;10;2
42;11;2
43;12;2
44;13;2
45;14;2
46;15;2
47;16;2
48;17;2
49;18;2
50;19;2
51;20;2
52;21;2
53;22;2
54;23;2
55;24;2
56;25;2
57;26;2
58;27;2
59;28;2
60;29;2
61;1;3
62;2;3
63;3;3
64;4;3
65;5;3
66;6;3
67;7;3
68;8;3
69;9;3
70;10;3
71;11;3
72;12;3
73;13;3
74;14;3
75;15;3
76;16;3
77;17;3
78;18;3
79;19;3
80;20;3
81;21;3
82;22;3
83;23;3
84;24;3
85;25;3
86;26;3
87;27;3
88;28;3
89;29;3
90;30;3
91;31;3
92;1;4
93;2;4
94;3;4
95;4;4
96;5;4
97;6;4
98;7;4
99;8;4
100;9;4
101;10;4
102;11;4
103;12;4
104;13;4
105;14;4
106;15;4
107;16;4
108;17;4
109;18;4
110;19;4
111;20;4
112;21;4
113;22;4
114;23;4
115;24;4
116;25;4
117;26;4
118;27;4
119;28;4
120;29;4
121;30;4
122;1;5
123;2;5
124;3;5
125;4;5
126;5;5
127;6;5
128;7;5
129;8;5
130;9;5
131;10;5
132;11;5
133;12;5
134;13;5
135;14;5
136;15;5
137;16;5
138;17;5
139;18;5
140;19;5
141;20;5
142;21;5
143;22;5
144;23;5
145;24;5
146;25;5
147;26;5
148;27;5
149;28;5
150;29;5
151;30;5
152;31;5
153;1;6
154;2;6
155;3;6
156;4;6
157;5;6
158;6;6
159;7;6
160;8;6
161;9;6
162;10;6
163;11;6
164;12;6
165;13;6
166;14;6
167;15;6
168;16;6
169;17;6
170;18;6
171;19;6
172;20;6
173;21;6
174;22;6
175;23;6
176;24;6
177;25;6
178;26;6
179;27;6
180;28;6
181;29;6
182;30;6
183;1;7
184;2;7
185;3;7
186;4;7
187;5;7
188;6;7
189;7;7
190;8;7
191;9;7
192;10;7
193;11;7
194;12;7
195;13;7
196;14;7
197;15;7
198;16;7
199;17;7
200;18;7
201;19;7
202;20;7
203;21;7
204;22;7
205;23;7
206;24;7
207;25;7
208;26;7
209;27;7
210;28;7
211;29;7
212;30;7
213;31;7
214;1;8
215;2;8
216;3;8
217;4;8
218;5;8
219;6;8
220;7;8
221;8;8
222;9;8
223;10;8
224;11;8
225;12;8
226;13;8
227;14;8
228;15;8
229;16;8
230;17;8
231;18;8
232;19;8
233;20;8
234;21;8
235;22;8
236;23;8
237;24;8
238;25;8
239;26;8
240;27;8
241;28;8
242;29;8
243;30;8
244;31;8
245;1;9
246;2;9
247;3;9
248;4;9
249;5;9
250;6;9
251;7;9
252;8;9
253;9;9
254;10;9
255;11;9
256;12;9
257;13;9
258;14;9
259;15;9
260;16;9
261;17;9
262;18;9
263;19;9
264;20;9
265;21;9
266;22;9
267;23;9
268;24;9
269;25;9
270;26;9
271;27;9
272;28;9
273;29;9
274;30;9
275;1;10
276;2;10
277;3;10
278;4;10
279;5;10
280;6;10
281;7;10
282;8;10
283;9;10
284;10;10
285;11;10
286;12;10
287;13;10
288;14;10
289;15;10
290;16;10
291;17;10
292;18;10
293;19;10
294;20;10
295;21;10
296;22;10
297;23;10
298;24;10
299;25;10
300;26;10
301;27;10
302;28;10
303;29;10
304;30;10
305;31;10
306;1;11
307;2;11
308;3;11
309;4;11
310;5;11
311;6;11
312;7;11
313;8;11
314;9;11
315;10;11
316;11;11
317;12;11
318;13;11
319;14;11
320;15;11
321;16;11
322;17;11
323;18;11
324;19;11
325;20;11
326;21;11
327;22;11
328;23;11
329;24;11
330;25;11
331;26;11
332;27;11
333;28;11
334;29;11
335;30;11
336;1;12
337;2;12
338;3;12
339;4;12
340;5;12
341;6;12
342;7;12
343;8;12
344;9;12
345;10;12
346;11;12
347;12;12
348;13;12
349;14;12
350;15;12
351;16;12
352;17;12
353;18;12
354;19;12
355;20;12
356;21;12
357;22;12
358;23;12
359;24;12
360;25;12
361;26;12
362;27;12
363;28;12
364;29;12
365;30;12
366;31;12
367;1;13
368;2;13
369;3;13
370;4;13
371;5;13
372;6;13
373;7;13
374;8;13
375;9;13
376;10;13
377;11;13
378;12;13
379;13;13
380;14;13
381;15;13
382;16;13
383;17;13
384;18;13
385;19;13
386;20;13
387;21;13
388;22;13
389;23;13
390;24;13
391;25;13
392;26;13
393;27;13
394;28;13
395;29;13
396;30;13
397;31;13
398;1;14
399;2;14
400;3;14
401;4;14
402;5;14
403;6;14
404;7;14
405;8;14
406;9;14
407;10;14
408;11;14
409;12;14
410;13;14
411;14;14
412;15;14
413;16;14
414;17;14
415;18;14
416;19;14
417;20;14
418;21;14
419;22;14
420;23;14
421;24;14
422;25;14
423;26;14
424;27;14
425;28;14
426;1;15
427;2;15
428;3;15
429;4;15
430;5;15
431;6;15
432;7;15
433;8;15
434;9;15
435;10;15
436;11;15
437;12;15
438;13;15
439;14;15
440;15;15
441;16;15
442;17;15
443;18;15
444;19;15
445;20;15
446;21;15
447;22;15
448;23;15
449;24;15
450;25;15
451;26;15
452;27;15
453;28;15
454;29;15
455;30;15
456;31;15
457;1;16
458;2;16
459;3;16
460;4;16
461;5;16
462;6;16
463;7;16
464;8;16
465;9;16
466;10;16
467;11;16
468;12;16
469;13;16
470;14;16
471;15;16
472;16;16
473;17;16
474;18;16
475;19;16
476;20;16
477;21;16
478;22;16
479;23;16
480;24;16
481;25;16
482;26;16
483;27;16
484;28;16
485;29;16
486;30;16
487;1;17
488;2;17
489;3;17
490;4;17
491;5;17
492;6;17
493;7;17
494;8;17
495;9;17
496;10;17
497;11;17
498;12;17
499;13;17
500;14;17
501;15;17
502;16;17
503;17;17
504;18;17
505;19;17
506;20;17
507;21;17
508;22;17
509;23;17
510;24;17
511;25;17
512;26;17
513;27;17
514;28;17
515;29;17
516;30;17
517;31;17
518;1;18
519;2;18
520;3;18
521;4;18
522;5;18
523;6;18
524;7;18
525;8;18
526;9;18
527;10;18
528;11;18
529;12;18
530;13;18
531;14;18
532;15;18
533;16;18
534;17;18
535;18;18
536;19;18
537;20;18
538;21;18
539;22;18
540;23;18
541;24;18
542;25;18
543;26;18
544;27;18
545;28;18
546;29;18
547;30;18
548;1;19
549;2;19
550;3;19
551;4;19
552;5;19
553;6;19
554;7;19
555;8;19
556;9;19
557;10;19
558;11;19
559;12;19
560;13;19
561;14;19
562;15;19
563;16;19
564;17;19
565;18;19
566;19;19
567;20;19
568;21;19
569;22;19
570;23;19
571;24;19
572;25;19
573;26;19
574;27;19
575;28;19
576;29;19
577;30;19
578;31;19
579;1;20
580;2;20
581;3;20
582;4;20
583;5;20
584;6;20
585;7;20
586;8;20
587;9;20
588;10;20
589;11;20
590;12;20
591;13;20
592;14;20
593;15;20
594;16;20
595;17;20
596;18;20
597;19;20
598;20;20
599;21;20
600;22;20
601;23;20
602;24;20
603;25;20
604;26;20
605;27;20
606;28;20
607;29;20
608;30;20
609;31;20
610;1;21
611;2;21
612;3;21
613;4;21
614;5;21
615;6;21
616;7;21
617;8;21
618;9;21
619;10;21
620;11;21
621;12;21
622;13;21
623;14;21
624;15;21
625;16;21
626;17;21
627;18;21
628;19;21
629;20;21
630;21;21
631;22;21
632;23;21
633;24;21
634;25;21
635;26;21
636;27;21
637;28;21
638;29;21
639;30;21
640;1;22
641;2;22
642;3;22
643;4;22
644;5;22
645;6;22
646;7;22
647;8;22
648;9;22
649;10;22
650;11;22
651;12;22
652;13;22
653;14;22
654;15;22
655;16;22
656;17;22
657;18;22
658;19;22
659;20;22
660;21;22
661;22;22
662;23;22
663;24;22
664;25;22
665;26;22
666;27;22
667;28;22
668;29;22
669;30;22
670;31;22
671;1;23
672;2;23
673;3;23
674;4;23
675;5;23
676;6;23
677;7;23
678;8;23
679;9;23
680;10;23
681;11;23
682;12;23
683;13;23
684;14;23
685;15;23
686;16;23
687;17;23
688;18;23
689;19;23
690;20;23
691;21;23
692;22;23
693;23;23
694;24;23
695;25;23
696;26;23
697;27;23
698;28;23
699;29;23
700;30;23
701;1;24
702;2;24
703;3;24
704;4;24
705;5;24
706;6;24
707;7;24
708;8;24
709;9;24
710;10;24
711;11;24
712;12;24
713;13;24
714;14;24
715;15;24
716;16;24
717;17;24
718;18;24
719;19;24
720;20;24
721;21;24
722;22;24
723;23;24
724;24;24
725;25;24
726;26;24
727;27;24
728;28;24
729;29;24
730;30;24
731;31;24
732;1;25
733;2;25
734;3;25
735;4;25
736;5;25
737;6;25
738;7;25
739;8;25
740;9;25
741;10;25
742;11;25
743;12;25
744;13;25
745;14;25
746;15;25
747;16;25
748;17;25
749;18;25
750;19;25
751;20;25
752;21;25
753;22;25
754;23;25
755;24;25
756;25;25
757;26;25
758;27;25
759;28;25
760;29;25
761;30;25
762;31;25
763;1;26
764;2;26
765;3;26
766;4;26
767;5;26
768;6;26
769;7;26
770;8;26
771;9;26
772;10;26
773;11;26
774;12;26
775;13;26
776;14;26
777;15;26
778;16;26
779;17;26
780;18;26
781;19;26
782;20;26
783;21;26
784;22;26
785;23;26
786;24;26
787;25;26
788;26;26
789;27;26
790;28;26
791;1;27
792;2;27
793;3;27
794;4;27
795;5;27
796;6;27
797;7;27
798;8;27
799;9;27
800;10;27
801;11;27
802;12;27
803;13;27
804;14;27
805;15;27
806;16;27
807;17;27
808;18;27
809;19;27
810;20;27
811;21;27
812;22;27
813;23;27
814;24;27
815;25;27
816;26;27
817;27;27
818;28;27
819;29;27
820;30;27
821;31;27
822;1;28
823;2;28
824;3;28
825;4;28
826;5;28
827;6;28
828;7;28
829;8;28
830;9;28
831;10;28
832;11;28
833;12;28
834;13;28
835;14;28
836;15;28
837;16;28
838;17;28
839;18;28
840;19;28
841;20;28
842;21;28
843;22;28
844;23;28
845;24;28
846;25;28
847;26;28
848;27;28
849;28;28
850;29;28
851;30;28
852;1;29
853;2;29
854;3;29
855;4;29
856;5;29
857;6;29
858;7;29
859;8;29
860;9;29
861;10;29
862;11;29
863;12;29
864;13;29
865;14;29
866;15;29
867;16;29
868;17;29
869;18;29
870;19;29
871;20;29
872;21;29
873;22;29
874;23;29
875;24;29
876;25;29
877;26;29
878;27;29
879;28;29
880;29;29
881;30;29
882;31;29
883;1;30
884;2;30
885;3;30
886;4;30
887;5;30
888;6;30
889;7;30
890;8;30
891;9;30
892;10;30
893;11;30
894;12;30
895;13;30
896;14;30
897;15;30
898;16;30
899;17;30
900;18;30
901;19;30
902;20;30
903;21;30
904;22;30
905;23;30
906;24;30
907;25;30
908;26;30
909;27;30
910;28;30
911;29;30
912;30;30
913;1;31
914;2;31
915;3;31
916;4;31
917;5;31
918;6;31
919;7;31
920;8;31
921;9;31
922;10;31
923;11;31
924;12;31
925;13;31
926;14;31
927;15;31
928;16;31
929;17;31
930;18;31
931;19;31
932;20;31
933;21;31
934;22;31
935;23;31
936;24;31
937;25;31
938;26;31
939;27;31
940;28;31
941;29;31
942;30;31
943;31;31
944;1;32
945;2;32
946;3;32
947;4;32
948;5;32
949;6;32
950;7;32
951;8;32
952;9;32
953;10;32
954;11;32
955;12;32
956;13;32
957;14;32
958;15;32
959;16;32
960;17;32
961;18;32
962;19;32
963;20;32
964;21;32
965;22;32
966;23;32
967;24;32
968;25;32
969;26;32
970;27;32
971;28;32
972;29;32
973;30;32
974;31;32
975;1;33
976;2;33
977;3;33
978;4;33
979;5;33
980;6;33
981;7;33
982;8;33
983;9;33
984;10;33
985;11;33
986;12;33
987;13;33
988;14;33
989;15;33
990;16;33
991;17;33
992;18;33
993;19;33
994;20;33
995;21;33
996;22;33
997;23;33
998;24;33
999;25;33
1000;26;33
1001;27;33
1002;28;33
1003;29;33
1004;30;33
1005;1;34
1006;2;34
1007;3;34
1008;4;34
1009;5;34
1010;6;34
1011;7;34
1012;8;34
1013;9;34
1014;10;34
1015;11;34
1016;12;34
1017;13;34
1018;14;34
1019;15;34
1020;16;34
1021;17;34
1022;18;34
1023;19;34
1024;20;34
1025;21;34
1026;22;34
1027;23;34
1028;24;34
1029;25;34
1030;26;34
1031;27;34
1032;28;34
1033;29;34
1034;30;34
1035;31;34
1036;1;35
1037;2;35
1038;3;35
1039;4;35
1040;5;35
1041;6;35
1042;7;35
1043;8;35
1044;9;35
1045;10;35
1046;11;35
1047;12;35
1048;13;35
1049;14;35
1050;15;35
1051;16;35
1052;17;35
1053;18;35
1054;19;35
1055;20;35
1056;21;35
1057;22;35
1058;23;35
1059;24;35
1060;25;35
1061;26;35
1062;27;35
1063;28;35
1064;29;35
1065;30;35
1066;1;36
1067;2;36
1068;3;36
1069;4;36
1070;5;36
1071;6;36
1072;7;36
1073;8;36
1074;9;36
1075;10;36
1076;11;36
1077;12;36
1078;13;36
1079;14;36
1080;15;36
1081;16;36
1082;17;36
1083;18;36
1084;19;36
1085;20;36
1086;21;36
1087;22;36
1088;23;36
1089;24;36
1090;25;36
1091;26;36
1092;27;36
1093;28;36
1094;29;36
1095;30;36
1096;31;36
1097;1;37
1098;2;37
1099;3;37
1100;4;37
1101;5;37
1102;6;37
1103;7;37
1104;8;37
1105;9;37
1106;10;37
1107;11;37
1108;12;37
1109;13;37
1110;14;37
1111;15;37
1112;16;37
1113;17;37
1114;18;37
1115;19;37
1116;20;37
1117;21;37
1118;22;37
1119;23;37
1120;24;37
1121;25;37
1122;26;37
1123;27;37
1124;28;37
1125;29;37
1126;30;37
1127;31;37
1128;1;38
1129;2;38
1130;3;38
1131;4;38
1132;5;38
1133;6;38
1134;7;38
1135;8;38
1136;9;38
1137;10;38
1138;11;38
1139;12;38
1140;13;38
1141;14;38
1142;15;38
1143;16;38
1144;17;38
1145;18;38
1146;19;38
1147;20;38
1148;21;38
1149;22;38
1150;23;38
1151;24;38
1152;25;38
1153;26;38
1154;27;38
1155;28;38
1156;1;39
1157;2;39
1158;3;39
1159;4;39
1160;5;39
1161;6;39
1162;7;39
1163;8;39
1164;9;39
1165;10;39
1166;11;39
1167;12;39
1168;13;39
1169;14;39
1170;15;39
1171;16;39
1172;17;39
1173;18;39
1174;19;39
1175;20;39
1176;21;39
1177;22;39
1178;23;39
1179;24;39
1180;25;39
1181;26;39
1182;27;39
1183;28;39
1184;29;39
1185;30;39
1186;31;39
1187;1;40
1188;2;40
1189;3;40
1190;4;40
1191;5;40
1192;6;40
1193;7;40
1194;8;40
1195;9;40
1196;10;40
1197;11;40
1198;12;40
1199;13;40
1200;14;40
1201;15;40
1202;16;40
1203;17;40
1204;18;40
1205;19;40
1206;20;40
1207;21;40
1208;22;40
1209;23;40
1210;24;40
1211;25;40
1212;26;40
1213;27;40
1214;28;40
1215;29;40
1216;30;40
1217;1;41
1218;2;41
1219;3;41
1220;4;41
1221;5;41
1222;6;41
1223;7;41
1224;8;41
1225;9;41
1226;10;41
1227;11;41
1228;12;41
1229;13;41
1230;14;41
1231;15;41
1232;16;41
1233;17;41
1234;18;41
1235;19;41
1236;20;41
1237;21;41
1238;22;41
1239;23;41
1240;24;41
1241;25;41
1242;26;41
1243;27;41
1244;28;41
1245;29;41
1246;30;41
1247;31;41
1248;1;42
1249;2;42
1250;3;42
1251;4;42
1252;5;42
1253;6;42
1254;7;42
1255;8;42
1256;9;42
1257;10;42
1258;11;42
1259;12;42
1260;13;42
1261;14;42
1262;15;42
1263;16;42
1264;17;42
1265;18;42
1266;19;42
1267;20;42
1268;21;42
1269;22;42
1270;23;42
1271;24;42
1272;25;42
1273;26;42
1274;27;42
1275;28;42
1276;29;42
1277;30;42
1278;1;43
1279;2;43
1280;3;43
1281;4;43
1282;5;43
1283;6;43
1284;7;43
1285;8;43
1286;9;43
1287;10;43
1288;11;43
1289;12;43
1290;13;43
1291;14;43
1292;15;43
1293;16;43
1294;17;43
1295;18;43
1296;19;43
1297;20;43
1298;21;43
1299;22;43
1300;23;43
1301;24;43
1302;25;43
1303;26;43
1304;27;43
1305;28;43
1306;29;43
1307;30;43
1308;31;43
1309;1;44
1310;2;44
1311;3;44
1312;4;44
1313;5;44
1314;6;44
1315;7;44
1316;8;44
1317;9;44
1318;10;44
1319;11;44
1320;12;44
1321;13;44
1322;14;44
1323;15;44
1324;16;44
1325;17;44
1326;18;44
1327;19;44
1328;20;44
1329;21;44
1330;22;44
1331;23;44
1332;24;44
1333;25;44
1334;26;44
1335;27;44
1336;28;44
1337;29;44
1338;30;44
1339;31;44
1340;1;45
1341;2;45
1342;3;45
1343;4;45
1344;5;45
1345;6;45
1346;7;45
1347;8;45
1348;9;45
1349;10;45
1350;11;45
1351;12;45
1352;13;45
1353;14;45
1354;15;45
1355;16;45
1356;17;45
1357;18;45
1358;19;45
1359;20;45
1360;21;45
1361;22;45
1362;23;45
1363;24;45
1364;25;45
1365;26;45
1366;27;45
1367;28;45
1368;29;45
1369;30;45
1370;1;46
1371;2;46
1372;3;46
1373;4;46
1374;5;46
1375;6;46
1376;7;46
1377;8;46
1378;9;46
1379;10;46
1380;11;46
1381;12;46
1382;13;46
1383;14;46
1384;15;46
1385;16;46
1386;17;46
1387;18;46
1388;19;46
1389;20;46
1390;21;46
1391;22;46
1392;23;46
1393;24;46
1394;25;46
1395;26;46
1396;27;46
1397;28;46
1398;29;46
1399;30;46
1400;31;46
1401;1;47
1402;2;47
1403;3;47
1404;4;47
1405;5;47
1406;6;47
1407;7;47
1408;8;47
1409;9;47
1410;10;47
1411;11;47
1412;12;47
1413;13;47
1414;14;47
1415;15;47
1416;16;47
1417;17;47
1418;18;47
1419;19;47
1420;20;47
1421;21;47
1422;22;47
1423;23;47
1424;24;47
1425;25;47
1426;26;47
1427;27;47
1428;28;47
1429;29;47
1430;30;47
1431;1;48
1432;2;48
1433;3;48
1434;4;48
1435;5;48
1436;6;48
1437;7;48
1438;8;48
1439;9;48
1440;10;48
1441;11;48
1442;12;48
1443;13;48
1444;14;48
1445;15;48
1446;16;48
1447;17;48
1448;18;48
1449;19;48
1450;20;48
1451;21;48
1452;22;48
1453;23;48
1454;24;48
1455;25;48
1456;26;48
1457;27;48
1458;28;48
1459;29;48
1460;30;48
1461;31;48
1462;1;49
1463;2;49
1464;3;49
1465;4;49
1466;5;49
1467;6;49
1468;7;49
1469;8;49
1470;9;49
1471;10;49
1472;11;49
1473;12;49
1474;13;49
1475;14;49
1476;15;49
1477;16;49
1478;17;49
1479;18;49
1480;19;49
1481;20;49
1482;21;49
1483;22;49
1484;23;49
1485;24;49
1486;25;49
1487;26;49
1488;27;49
1489;28;49
1490;29;49
1491;30;49
1492;31;49
1493;1;50
1494;2;50
1495;3;50
1496;4;50
1497;5;50
1498;6;50
1499;7;50
1500;8;50
1501;9;50
1502;10;50
1503;11;50
1504;12;50
1505;13;50
1506;14;50
1507;15;50
1508;16;50
1509;17;50
1510;18;50
1511;19;50
1512;20;50
1513;21;50
1514;22;50
1515;23;50
1516;24;50
1517;25;50
1518;26;50
1519;27;50
1520;28;50
1521;29;50
1522;1;51
1523;2;51
1524;3;51
1525;4;51
1526;5;51
1527;6;51
1528;7;51
1529;8;51
1530;9;51
1531;10;51
1532;11;51
1533;12;51
1534;13;51
1535;14;51
1536;15;51
1537;16;51
1538;17;51
1539;18;51
1540;19;51
1541;20;51
1542;21;51
1543;22;51
1544;23;51
1545;24;51
1546;25;51
1547;26;51
1548;27;51
1549;28;51
1550;29;51
1551;30;51
1552;31;51
1553;1;52
1554;2;52
1555;3;52
1556;4;52
1557;5;52
1558;6;52
1559;7;52
1560;8;52
1561;9;52
1562;10;52
1563;11;52
1564;12;52
1565;13;52
1566;14;52
1567;15;52
1568;16;52
1569;17;52
1570;18;52
1571;19;52
1572;20;52
1573;21;52
1574;22;52
1575;23;52
1576;24;52
1577;25;52
1578;26;52
1579;27;52
1580;28;52
1581;29;52
1582;30;52
1583;1;53
1584;2;53
1585;3;53
1586;4;53
1587;5;53
1588;6;53
1589;7;53
1590;8;53
1591;9;53
1592;10;53
1593;11;53
1594;12;53
1595;13;53
1596;14;53
1597;15;53
1598;16;53
1599;17;53
1600;18;53
1601;19;53
1602;20;53
1603;21;53
1604;22;53
1605;23;53
1606;24;53
1607;25;53
1608;26;53
1609;27;53
1610;28;53
1611;29;53
1612;30;53
1613;31;53
1614;1;54
1615;2;54
1616;3;54
1617;4;54
1618;5;54
1619;6;54
1620;7;54
1621;8;54
1622;9;54
1623;10;54
1624;11;54
1625;12;54
1626;13;54
1627;14;54
1628;15;54
1629;16;54
1630;17;54
1631;18;54
1632;19;54
1633;20;54
1634;21;54
1635;22;54
1636;23;54
1637;24;54
1638;25;54
1639;26;54
1640;27;54
1641;28;54
1642;29;54
1643;30;54
1644;1;55
1645;2;55
1646;3;55
1647;4;55
1648;5;55
1649;6;55
1650;7;55
1651;8;55
1652;9;55
1653;10;55
1654;11;55
1655;12;55
1656;13;55
1657;14;55
1658;15;55
1659;16;55
1660;17;55
1661;18;55
1662;19;55
1663;20;55
1664;21;55
1665;22;55
1666;23;55
1667;24;55
1668;25;55
1669;26;55
1670;27;55
1671;28;55
1672;29;55
1673;30;55
1674;31;55
1675;1;56
1676;2;56
1677;3;56
1678;4;56
1679;5;56
1680;6;56
1681;7;56
1682;8;56
1683;9;56
1684;10;56
1685;11;56
1686;12;56
1687;13;56
1688;14;56
1689;15;56
1690;16;56
1691;17;56
1692;18;56
1693;19;56
1694;20;56
1695;21;56
1696;22;56
1697;23;56
1698;24;56
1699;25;56
1700;26;56
1701;27;56
1702;28;56
1703;29;56
1704;30;56
1705;31;56
1706;1;57
1707;2;57
1708;3;57
1709;4;57
1710;5;57
1711;6;57
1712;7;57
1713;8;57
1714;9;57
1715;10;57
1716;11;57
1717;12;57
1718;13;57
1719;14;57
1720;15;57
1721;16;57
1722;17;57
1723;18;57
1724;19;57
1725;20;57
1726;21;57
1727;22;57
1728;23;57
1729;24;57
1730;25;57
1731;26;57
1732;27;57
1733;28;57
1734;29;57
1735;30;57
1736;1;58
1737;2;58
1738;3;58
1739;4;58
1740;5;58
1741;6;58
1742;7;58
1743;8;58
1744;9;58
1745;10;58
1746;11;58
1747;12;58
1748;13;58
1749;14;58
1750;15;58
1751;16;58
1752;17;58
1753;18;58
1754;19;58
1755;20;58
1756;21;58
1757;22;58
1758;23;58
1759;24;58
1760;25;58
1761;26;58
1762;27;58
1763;28;58
1764;29;58
1765;30;58
1766;31;58
1767;1;59
1768;2;59
1769;3;59
1770;4;59
1771;5;59
1772;6;59
1773;7;59
1774;8;59
1775;9;59
1776;10;59
1777;11;59
1778;12;59
1779;13;59
1780;14;59
1781;15;59
1782;16;59
1783;17;59
1784;18;59
1785;19;59
1786;20;59
1787;21;59
1788;22;59
1789;23;59
1790;24;59
1791;25;59
1792;26;59
1793;27;59
1794;28;59
1795;29;59
1796;30;59
1797;1;60
1798;2;60
1799;3;60
1800;4;60
1801;5;60
1802;6;60
1803;7;60
1804;8;60
1805;9;60
1806;10;60
1807;11;60
1808;12;60
1809;13;60
1810;14;60
1811;15;60
1812;16;60
1813;17;60
1814;18;60
1815;19;60
1816;20;60
1817;21;60
1818;22;60
1819;23;60
1820;24;60
1821;25;60
1822;26;60
1823;27;60
1824;28;60
1825;29;60
1826;30;60
1827;31;60
1828;1;61
1829;2;61
1830;3;61
1831;4;61
1832;5;61
1833;6;61
1834;7;61
1835;8;61
1836;9;61
1837;10;61
1838;11;61
1839;12;61
1840;13;61
1841;14;61
1842;15;61
1843;16;61
1844;17;61
1845;18;61
1846;19;61
1847;20;61
1848;21;61
1849;22;61
1850;23;61
1851;24;61
1852;25;61
1853;26;61
1854;27;61
1855;28;61
1856;29;61
1857;30;61
1858;31;61
1859;1;62
1860;2;62
1861;3;62
1862;4;62
1863;5;62
1864;6;62
1865;7;62
1866;8;62
1867;9;62
1868;10;62
1869;11;62
1870;12;62
1871;13;62
1872;14;62
1873;15;62
1874;16;62
1875;17;62
1876;18;62
1877;19;62
1878;20;62
1879;21;62
1880;22;62
1881;23;62
1882;24;62
1883;25;62
1884;26;62
1885;27;62
1886;28;62
1887;1;63
1888;2;63
1889;3;63
1890;4;63
1891;5;63
1892;6;63
1893;7;63
1894;8;63
1895;9;63
1896;10;63
1897;11;63
1898;12;63
1899;13;63
1900;14;63
1901;15;63
1902;16;63
1903;17;63
1904;18;63
1905;19;63
1906;20;63
1907;21;63
1908;22;63
1909;23;63
1910;24;63
1911;25;63
1912;26;63
1913;27;63
1914;28;63
1915;29;63
1916;30;63
1917;31;63
1918;1;64
1919;2;64
1920;3;64
1921;4;64
1922;5;64
1923;6;64
1924;7;64
1925;8;64
1926;9;64
1927;10;64
1928;11;64
1929;12;64
1930;13;64
1931;14;64
1932;15;64
1933;16;64
1934;17;64
1935;18;64
1936;19;64
1937;20;64
1938;21;64
1939;22;64
1940;23;64
1941;24;64
1942;25;64
1943;26;64
1944;27;64
1945;28;64
1946;29;64
1947;30;64
1948;1;65
1949;2;65
1950;3;65
1951;4;65
1952;5;65
1953;6;65
1954;7;65
1955;8;65
1956;9;65
1957;10;65
1958;11;65
1959;12;65
1960;13;65
1961;14;65
1962;15;65
1963;16;65
1964;17;65
1965;18;65
1966;19;65
1967;20;65
1968;21;65
1969;22;65
1970;23;65
1971;24;65
1972;25;65
1973;26;65
1974;27;65
1975;28;65
1976;29;65
1977;30;65
1978;31;65
1979;1;66
1980;2;66
1981;3;66
1982;4;66
1983;5;66
1984;6;66
1985;7;66
1986;8;66
1987;9;66
1988;10;66
1989;11;66
1990;12;66
1991;13;66
1992;14;66
1993;15;66
1994;16;66
1995;17;66
1996;18;66
1997;19;66
1998;20;66
1999;21;66
2000;22;66
2001;23;66
2002;24;66
2003;25;66
2004;26;66
2005;27;66
2006;28;66
2007;29;66
2008;30;66
2009;1;67
2010;2;67
2011;3;67
2012;4;67
2013;5;67
2014;6;67
2015;7;67
2016;8;67
2017;9;67
2018;10;67
2019;11;67
2020;12;67
2021;13;67
2022;14;67
2023;15;67
2024;16;67
2025;17;67
2026;18;67
2027;19;67
2028;20;67
2029;21;67
2030;22;67
2031;23;67
2032;24;67
2033;25;67
2034;26;67
2035;27;67
2036;28;67
2037;29;67
2038;30;67
2039;31;67
2040;1;68
2041;2;68
2042;3;68
2043;4;68
2044;5;68
2045;6;68
2046;7;68
2047;8;68
2048;9;68
2049;10;68
2050;11;68
2051;12;68
2052;13;68
2053;14;68
2054;15;68
2055;16;68
2056;17;68
2057;18;68
2058;19;68
2059;20;68
2060;21;68
2061;22;68
2062;23;68
2063;24;68
2064;25;68
2065;26;68
2066;27;68
2067;28;68
2068;29;68
2069;30;68
2070;31;68
2071;1;69
2072;2;69
2073;3;69
2074;4;69
2075;5;69
2076;6;69
2077;7;69
2078;8;69
2079;9;69
2080;10;69
2081;11;69
2082;12;69
2083;13;69
2084;14;69
2085;15;69
2086;16;69
2087;17;69
2088;18;69
2089;19;69
2090;20;69
2091;21;69
2092;22;69
2093;23;69
2094;24;69
2095;25;69
2096;26;69
2097;27;69
2098;28;69
2099;29;69
2100;30;69
2101;1;70
2102;2;70
2103;3;70
2104;4;70
2105;5;70
2106;6;70
2107;7;70
2108;8;70
2109;9;70
2110;10;70
2111;11;70
2112;12;70
2113;13;70
2114;14;70
2115;15;70
2116;16;70
2117;17;70
2118;18;70
2119;19;70
2120;20;70
2121;21;70
2122;22;70
2123;23;70
2124;24;70
2125;25;70
2126;26;70
2127;27;70
2128;28;70
2129;29;70
2130;30;70
2131;31;70
2132;1;71
2133;2;71
2134;3;71
2135;4;71
2136;5;71
2137;6;71
2138;7;71
2139;8;71
2140;9;71
2141;10;71
2142;11;71
2143;12;71
2144;13;71
2145;14;71
2146;15;71
2147;16;71
2148;17;71
2149;18;71
2150;19;71
2151;20;71
2152;21;71
2153;22;71
2154;23;71
2155;24;71
2156;25;71
2157;26;71
2158;27;71
2159;28;71
2160;29;71
2161;30;71
2162;1;72
2163;2;72
2164;3;72
2165;4;72
2166;5;72
2167;6;72
2168;7;72
2169;8;72
2170;9;72
2171;10;72
2172;11;72
2173;12;72
2174;13;72
2175;14;72
2176;15;72
2177;16;72
2178;17;72
2179;18;72
2180;19;72
2181;20;72
2182;21;72
2183;22;72
2184;23;72
2185;24;72
2186;25;72
2187;26;72
2188;27;72
2189;28;72
2190;29;72
2191;30;72
2192;31;72
2193;1;73
2194;2;73
2195;3;73
2196;4;73
2197;5;73
2198;6;73
2199;7;73
2200;8;73
2201;9;73
2202;10;73
2203;11;73
2204;12;73
2205;13;73
2206;14;73
2207;15;73
2208;16;73
2209;17;73
2210;18;73
2211;19;73
2212;20;73
2213;21;73
2214;22;73
2215;23;73
2216;24;73
2217;25;73
2218;26;73
2219;27;73
2220;28;73
2221;29;73
2222;30;73
2223;31;73
2224;1;74
2225;2;74
2226;3;74
2227;4;74
2228;5;74
2229;6;74
2230;7;74
2231;8;74
2232;9;74
2233;10;74
2234;11;74
2235;12;74
2236;13;74
2237;14;74
2238;15;74
2239;16;74
2240;17;74
2241;18;74
2242;19;74
2243;20;74
2244;21;74
2245;22;74
2246;23;74
2247;24;74
2248;25;74
2249;26;74
2250;27;74
2251;28;74
2252;1;75
2253;2;75
2254;3;75
2255;4;75
2256;5;75
2257;6;75
2258;7;75
2259;8;75
2260;9;75
2261;10;75
2262;11;75
2263;12;75
2264;13;75
2265;14;75
2266;15;75
2267;16;75
2268;17;75
2269;18;75
2270;19;75
2271;20;75
2272;21;75
2273;22;75
2274;23;75
2275;24;75
2276;25;75
2277;26;75
2278;27;75
2279;28;75
2280;29;75
2281;30;75
2282;31;75
2283;1;76
2284;2;76
2285;3;76
2286;4;76
2287;5;76
2288;6;76
2289;7;76
2290;8;76
2291;9;76
2292;10;76
2293;11;76
2294;12;76
2295;13;76
2296;14;76
2297;15;76
2298;16;76
2299;17;76
2300;18;76
2301;19;76
2302;20;76
2303;21;76
2304;22;76
2305;23;76
2306;24;76
2307;25;76
2308;26;76
2309;27;76
2310;28;76
2311;29;76
2312;30;76
2313;1;77
2314;2;77
2315;3;77
2316;4;77
2317;5;77
2318;6;77
2319;7;77
2320;8;77
2321;9;77
2322;10;77
2323;11;77
2324;12;77
2325;13;77
2326;14;77
2327;15;77
2328;16;77
2329;17;77
2330;18;77
2331;19;77
2332;20;77
2333;21;77
2334;22;77
2335;23;77
2336;24;77
2337;25;77
2338;26;77
2339;27;77
2340;28;77
2341;29;77
2342;30;77
2343;31;77
2344;1;78
2345;2;78
2346;3;78
2347;4;78
2348;5;78
2349;6;78
2350;7;78
2351;8;78
2352;9;78
2353;10;78
2354;11;78
2355;12;78
2356;13;78
2357;14;78
2358;15;78
2359;16;78
2360;17;78
2361;18;78
2362;19;78
2363;20;78
2364;21;78
2365;22;78
2366;23;78
2367;24;78
2368;25;78
2369;26;78
2370;27;78
2371;28;78
2372;29;78
2373;30;78
2374;1;79
2375;2;79
2376;3;79
2377;4;79
2378;5;79
2379;6;79
2380;7;79
2381;8;79
2382;9;79
2383;10;79
2384;11;79
2385;12;79
2386;13;79
2387;14;79
2388;15;79
2389;16;79
2390;17;79
2391;18;79
2392;19;79
2393;20;79
2394;21;79
2395;22;79
2396;23;79
2397;24;79
2398;25;79
2399;26;79
2400;27;79
2401;28;79
2402;29;79
2403;30;79
2404;31;79
2405;1;80
2406;2;80
2407;3;80
2408;4;80
2409;5;80
2410;6;80
2411;7;80
2412;8;80
2413;9;80
2414;10;80
2415;11;80
2416;12;80
2417;13;80
2418;14;80
2419;15;80
2420;16;80
2421;17;80
2422;18;80
2423;19;80
2424;20;80
2425;21;80
2426;22;80
2427;23;80
2428;24;80
2429;25;80
2430;26;80
2431;27;80
2432;28;80
2433;29;80
2434;30;80
2435;31;80
2436;1;81
2437;2;81
2438;3;81
2439;4;81
2440;5;81
2441;6;81
2442;7;81
2443;8;81
2444;9;81
2445;10;81
2446;11;81
2447;12;81
2448;13;81
2449;14;81
2450;15;81
2451;16;81
2452;17;81
2453;18;81
2454;19;81
2455;20;81
2456;21;81
2457;22;81
2458;23;81
2459;24;81
2460;25;81
2461;26;81
2462;27;81
2463;28;81
2464;29;81
2465;30;81
2466;1;82
2467;2;82
2468;3;82
2469;4;82
2470;5;82
2471;6;82
2472;7;82
2473;8;82
2474;9;82
2475;10;82
2476;11;82
2477;12;82
2478;13;82
2479;14;82
2480;15;82
2481;16;82
2482;17;82
2483;18;82
2484;19;82
2485;20;82
2486;21;82
2487;22;82
2488;23;82
2489;24;82
2490;25;82
2491;26;82
2492;27;82
2493;28;82
2494;29;82
2495;30;82
2496;31;82
2497;1;83
2498;2;83
2499;3;83
2500;4;83
2501;5;83
2502;6;83
2503;7;83
2504;8;83
2505;9;83
2506;10;83
2507;11;83
2508;12;83
2509;13;83
2510;14;83
2511;15;83
2512;16;83
2513;17;83
2514;18;83
2515;19;83
2516;20;83
2517;21;83
2518;22;83
2519;23;83
2520;24;83
2521;25;83
2522;26;83
2523;27;83
2524;28;83
2525;29;83
2526;30;83
2527;1;84
2528;2;84
2529;3;84
2530;4;84
2531;5;84
2532;6;84
2533;7;84
2534;8;84
2535;9;84
2536;10;84
2537;11;84
2538;12;84
2539;13;84
2540;14;84
2541;15;84
2542;16;84
2543;17;84
2544;18;84
2545;19;84
2546;20;84
2547;21;84
2548;22;84
2549;23;84
2550;24;84
2551;25;84
2552;26;84
2553;27;84
2554;28;84
2555;29;84
2556;30;84
2557;31;84
2558;1;85
2559;2;85
2560;3;85
2561;4;85
2562;5;85
2563;6;85
2564;7;85
2565;8;85
2566;9;85
2567;10;85
2568;11;85
2569;12;85
2570;13;85
2571;14;85
2572;15;85
2573;16;85
2574;17;85
2575;18;85
2576;19;85
2577;20;85
2578;21;85
2579;22;85
2580;23;85
2581;24;85
2582;25;85
2583;26;85
2584;27;85
2585;28;85
2586;29;85
2587;30;85
2588;31;85
2589;1;86
2590;2;86
2591;3;86
2592;4;86
2593;5;86
2594;6;86
2595;7;86
2596;8;86
2597;9;86
2598;10;86
2599;11;86
2600;12;86
2601;13;86
2602;14;86
2603;15;86
2604;16;86
2605;17;86
2606;18;86
2607;19;86
2608;20;86
2609;21;86
2610;22;86
2611;23;86
2612;24;86
2613;25;86
2614;26;86
2615;27;86
2616;28;86
2617;1;87
2618;2;87
2619;3;87
2620;4;87
2621;5;87
2622;6;87
2623;7;87
2624;8;87
2625;9;87
2626;10;87
2627;11;87
2628;12;87
2629;13;87
2630;14;87
2631;15;87
2632;16;87
2633;17;87
2634;18;87
2635;19;87
2636;20;87
2637;21;87
2638;22;87
2639;23;87
2640;24;87
2641;25;87
2642;26;87
2643;27;87
2644;28;87
2645;29;87
2646;30;87
2647;31;87
2648;1;88
2649;2;88
2650;3;88
2651;4;88
2652;5;88
2653;6;88
2654;7;88
2655;8;88
2656;9;88
2657;10;88
2658;11;88
2659;12;88
2660;13;88
2661;14;88
2662;15;88
2663;16;88
2664;17;88
2665;18;88
2666;19;88
2667;20;88
2668;21;88
2669;22;88
2670;23;88
2671;24;88
2672;25;88
2673;26;88
2674;27;88
2675;28;88
2676;29;88
2677;30;88
2678;1;89
2679;2;89
2680;3;89
2681;4;89
2682;5;89
2683;6;89
2684;7;89
2685;8;89
2686;9;89
2687;10;89
2688;11;89
2689;12;89
2690;13;89
2691;14;89
2692;15;89
2693;16;89
2694;17;89
2695;18;89
2696;19;89
2697;20;89
2698;21;89
2699;22;89
2700;23;89
2701;24;89
2702;25;89
2703;26;89
2704;27;89
2705;28;89
2706;29;89
2707;30;89
2708;31;89
2709;1;90
2710;2;90
2711;3;90
2712;4;90
2713;5;90
2714;6;90
2715;7;90
2716;8;90
2717;9;90
2718;10;90
2719;11;90
2720;12;90
2721;13;90
2722;14;90
2723;15;90
2724;16;90
2725;17;90
2726;18;90
2727;19;90
2728;20;90
2729;21;90
2730;22;90
2731;23;90
2732;24;90
2733;25;90
2734;26;90
2735;27;90
2736;28;90
2737;29;90
2738;30;90
2739;1;91
2740;2;91
2741;3;91
2742;4;91
2743;5;91
2744;6;91
2745;7;91
2746;8;91
2747;9;91
2748;10;91
2749;11;91
2750;12;91
2751;13;91
2752;14;91
2753;15;91
2754;16;91
2755;17;91
2756;18;91
2757;19;91
2758;20;91
2759;21;91
2760;22;91
2761;23;91
2762;24;91
2763;25;91
2764;26;91
2765;27;91
2766;28;91
2767;29;91
2768;30;91
2769;31;91
2770;1;92
2771;2;92
2772;3;92
2773;4;92
2774;5;92
2775;6;92
2776;7;92
2777;8;92
2778;9;92
2779;10;92
2780;11;92
2781;12;92
2782;13;92
2783;14;92
2784;15;92
2785;16;92
2786;17;92
2787;18;92
2788;19;92
2789;20;92
2790;21;92
2791;22;92
2792;23;92
2793;24;92
2794;25;92
2795;26;92
2796;27;92
2797;28;92
2798;29;92
2799;30;92
2800;31;92
2801;1;93
2802;2;93
2803;3;93
2804;4;93
2805;5;93
2806;6;93
2807;7;93
2808;8;93
2809;9;93
2810;10;93
2811;11;93
2812;12;93
2813;13;93
2814;14;93
2815;15;93
2816;16;93
2817;17;93
2818;18;93
2819;19;93
2820;20;93
2821;21;93
2822;22;93
2823;23;93
2824;24;93
2825;25;93
2826;26;93
2827;27;93
2828;28;93
2829;29;93
2830;30;93
2831;1;94
2832;2;94
2833;3;94
2834;4;94
2835;5;94
2836;6;94
2837;7;94
2838;8;94
2839;9;94
2840;10;94
2841;11;94
2842;12;94
2843;13;94
2844;14;94
2845;15;94
2846;16;94
2847;17;94
2848;18;94
2849;19;94
2850;20;94
2851;21;94
2852;22;94
2853;23;94
2854;24;94
2855;25;94
2856;26;94
2857;27;94
2858;28;94
2859;29;94
2860;30;94
2861;31;94
2862;1;95
2863;2;95
2864;3;95
2865;4;95
2866;5;95
2867;6;95
2868;7;95
2869;8;95
2870;9;95
2871;10;95
2872;11;95
2873;12;95
2874;13;95
2875;14;95
2876;15;95
2877;16;95
2878;17;95
2879;18;95
2880;19;95
2881;20;95
2882;21;95
2883;22;95
2884;23;95
2885;24;95
2886;25;95
2887;26;95
2888;27;95
2889;28;95
2890;29;95
2891;30;95
2892;1;96
2893;2;96
2894;3;96
2895;4;96
2896;5;96
2897;6;96
2898;7;96
2899;8;96
2900;9;96
2901;10;96
2902;11;96
2903;12;96
2904;13;96
2905;14;96
2906;15;96
2907;16;96
2908;17;96
2909;18;96
2910;19;96
2911;20;96
2912;21;96
2913;22;96
2914;23;96
2915;24;96
2916;25;96
2917;26;96
2918;27;96
2919;28;96
2920;29;96
2921;30;96
2922;31;96
2923;1;97
2924;2;97
2925;3;97
2926;4;97
2927;5;97
2928;6;97
2929;7;97
2930;8;97
2931;9;97
2932;10;97
2933;11;97
2934;12;97
2935;13;97
2936;14;97
2937;15;97
2938;16;97
2939;17;97
2940;18;97
2941;19;97
2942;20;97
2943;21;97
2944;22;97
2945;23;97
2946;24;97
2947;25;97
2948;26;97
2949;27;97
2950;28;97
2951;29;97
2952;30;97
2953;31;97
2954;1;98
2955;2;98
2956;3;98
2957;4;98
2958;5;98
2959;6;98
2960;7;98
2961;8;98
2962;9;98
2963;10;98
2964;11;98
2965;12;98
2966;13;98
2967;14;98
2968;15;98
2969;16;98
2970;17;98
2971;18;98
2972;19;98
2973;20;98
2974;21;98
2975;22;98
2976;23;98
2977;24;98
2978;25;98
2979;26;98
2980;27;98
2981;28;98
2982;29;98
2983;1;99
2984;2;99
2985;3;99
2986;4;99
2987;5;99
2988;6;99
2989;7;99
2990;8;99
2991;9;99
2992;10;99
2993;11;99
2994;12;99
2995;13;99
2996;14;99
2997;15;99
2998;16;99
2999;17;99
3000;18;99
3001;19;99
3002;20;99
3003;21;99
3004;22;99
3005;23;99
3006;24;99
3007;25;99
3008;26;99
3009;27;99
3010;28;99
3011;29;99
3012;30;99
3013;31;99
3014;1;100
3015;2;100
3016;3;100
3017;4;100
3018;5;100
3019;6;100
3020;7;100
3021;8;100
3022;9;100
3023;10;100
3024;11;100
3025;12;100
3026;13;100
3027;14;100
3028;15;100
3029;16;100
3030;17;100
3031;18;100
3032;19;100
3033;20;100
3034;21;100
3035;22;100
3036;23;100
3037;24;100
3038;25;100
3039;26;100
3040;27;100
3041;28;100
3042;29;100
3043;30;100
3044;1;101
3045;2;101
3046;3;101
3047;4;101
3048;5;101
3049;6;101
3050;7;101
3051;8;101
3052;9;101
3053;10;101
3054;11;101
3055;12;101
3056;13;101
3057;14;101
3058;15;101
3059;16;101
3060;17;101
3061;18;101
3062;19;101
3063;20;101
3064;21;101
3065;22;101
3066;23;101
3067;24;101
3068;25;101
3069;26;101
3070;27;101
3071;28;101
3072;29;101
3073;30;101
3074;31;101
3075;1;102
3076;2;102
3077;3;102
3078;4;102
3079;5;102
3080;6;102
3081;7;102
3082;8;102
3083;9;102
3084;10;102
3085;11;102
3086;12;102
3087;13;102
3088;14;102
3089;15;102
3090;16;102
3091;17;102
3092;18;102
3093;19;102
3094;20;102
3095;21;102
3096;22;102
3097;23;102
3098;24;102
3099;25;102
3100;26;102
3101;27;102
3102;28;102
3103;29;102
3104;30;102
3105;1;103
3106;2;103
3107;3;103
3108;4;103
3109;5;103
3110;6;103
3111;7;103
3112;8;103
3113;9;103
3114;10;103
3115;11;103
3116;12;103
3117;13;103
3118;14;103
3119;15;103
3120;16;103
3121;17;103
3122;18;103
3123;19;103
3124;20;103
3125;21;103
3126;22;103
3127;23;103
3128;24;103
3129;25;103
3130;26;103
3131;27;103
3132;28;103
3133;29;103
3134;30;103
3135;31;103
3136;1;104
3137;2;104
3138;3;104
3139;4;104
3140;5;104
3141;6;104
3142;7;104
3143;8;104
3144;9;104
3145;10;104
3146;11;104
3147;12;104
3148;13;104
3149;14;104
3150;15;104
3151;16;104
3152;17;104
3153;18;104
3154;19;104
3155;20;104
3156;21;104
3157;22;104
3158;23;104
3159;24;104
3160;25;104
3161;26;104
3162;27;104
3163;28;104
3164;29;104
3165;30;104
3166;31;104
3167;1;105
3168;2;105
3169;3;105
3170;4;105
3171;5;105
3172;6;105
3173;7;105
3174;8;105
3175;9;105
3176;10;105
3177;11;105
3178;12;105
3179;13;105
3180;14;105
3181;15;105
3182;16;105
3183;17;105
3184;18;105
3185;19;105
3186;20;105
3187;21;105
3188;22;105
3189;23;105
3190;24;105
3191;25;105
3192;26;105
3193;27;105
3194;28;105
3195;29;105
3196;30;105
3197;1;106
3198;2;106
3199;3;106
3200;4;106
3201;5;106
3202;6;106
3203;7;106
3204;8;106
3205;9;106
3206;10;106
3207;11;106
3208;12;106
3209;13;106
3210;14;106
3211;15;106
3212;16;106
3213;17;106
3214;18;106
3215;19;106
3216;20;106
3217;21;106
3218;22;106
3219;23;106
3220;24;106
3221;25;106
3222;26;106
3223;27;106
3224;28;106
3225;29;106
3226;30;106
3227;31;106
3228;1;107
3229;2;107
3230;3;107
3231;4;107
3232;5;107
3233;6;107
3234;7;107
3235;8;107
3236;9;107
3237;10;107
3238;11;107
3239;12;107
3240;13;107
3241;14;107
3242;15;107
3243;16;107
3244;17;107
3245;18;107
3246;19;107
3247;20;107
3248;21;107
3249;22;107
3250;23;107
3251;24;107
3252;25;107
3253;26;107
3254;27;107
3255;28;107
3256;29;107
3257;30;107
3258;1;108
3259;2;108
3260;3;108
3261;4;108
3262;5;108
3263;6;108
3264;7;108
3265;8;108
3266;9;108
3267;10;108
3268;11;108
3269;12;108
3270;13;108
3271;14;108
3272;15;108
3273;16;108
3274;17;108
3275;18;108
3276;19;108
3277;20;108
3278;21;108
3279;22;108
3280;23;108
3281;24;108
3282;25;108
3283;26;108
3284;27;108
3285;28;108
3286;29;108
3287;30;108
3288;31;108
3289;1;109
3290;2;109
3291;3;109
3292;4;109
3293;5;109
3294;6;109
3295;7;109
3296;8;109
3297;9;109
3298;10;109
3299;11;109
3300;12;109
3301;13;109
3302;14;109
3303;15;109
3304;16;109
3305;17;109
3306;18;109
3307;19;109
3308;20;109
3309;21;109
3310;22;109
3311;23;109
3312;24;109
3313;25;109
3314;26;109
3315;27;109
3316;28;109
3317;29;109
3318;30;109
3319;31;109
3320;1;110
3321;2;110
3322;3;110
3323;4;110
3324;5;110
3325;6;110
3326;7;110
3327;8;110
3328;9;110
3329;10;110
3330;11;110
3331;12;110
3332;13;110
3333;14;110
3334;15;110
3335;16;110
3336;17;110
3337;18;110
3338;19;110
3339;20;110
3340;21;110
3341;22;110
3342;23;110
3343;24;110
3344;25;110
3345;26;110
3346;27;110
3347;28;110
3348;1;111
3349;2;111
3350;3;111
3351;4;111
3352;5;111
3353;6;111
3354;7;111
3355;8;111
3356;9;111
3357;10;111
3358;11;111
3359;12;111
3360;13;111
3361;14;111
3362;15;111
3363;16;111
3364;17;111
3365;18;111
3366;19;111
3367;20;111
3368;21;111
3369;22;111
3370;23;111
3371;24;111
3372;25;111
3373;26;111
3374;27;111
3375;28;111
3376;29;111
3377;30;111
3378;31;111
3379;1;112
3380;2;112
3381;3;112
3382;4;112
3383;5;112
3384;6;112
3385;7;112
3386;8;112
3387;9;112
3388;10;112
3389;11;112
3390;12;112
3391;13;112
3392;14;112
3393;15;112
3394;16;112
3395;17;112
3396;18;112
3397;19;112
3398;20;112
3399;21;112
3400;22;112
3401;23;112
3402;24;112
3403;25;112
3404;26;112
3405;27;112
3406;28;112
3407;29;112
3408;30;112
3409;1;113
3410;2;113
3411;3;113
3412;4;113
3413;5;113
3414;6;113
3415;7;113
3416;8;113
3417;9;113
3418;10;113
3419;11;113
3420;12;113
3421;13;113
3422;14;113
3423;15;113
3424;16;113
3425;17;113
3426;18;113
3427;19;113
3428;20;113
3429;21;113
3430;22;113
3431;23;113
3432;24;113
3433;25;113
3434;26;113
3435;27;113
3436;28;113
3437;29;113
3438;30;113
3439;31;113
3440;1;114
3441;2;114
3442;3;114
3443;4;114
3444;5;114
3445;6;114
3446;7;114
3447;8;114
3448;9;114
3449;10;114
3450;11;114
3451;12;114
3452;13;114
3453;14;114
3454;15;114
3455;16;114
3456;17;114
3457;18;114
3458;19;114
3459;20;114
3460;21;114
3461;22;114
3462;23;114
3463;24;114
3464;25;114
3465;26;114
3466;27;114
3467;28;114
3468;29;114
3469;30;114
3470;1;115
3471;2;115
3472;3;115
3473;4;115
3474;5;115
3475;6;115
3476;7;115
3477;8;115
3478;9;115
3479;10;115
3480;11;115
3481;12;115
3482;13;115
3483;14;115
3484;15;115
3485;16;115
3486;17;115
3487;18;115
3488;19;115
3489;20;115
3490;21;115
3491;22;115
3492;23;115
3493;24;115
3494;25;115
3495;26;115
3496;27;115
3497;28;115
3498;29;115
3499;30;115
3500;31;115
3501;1;116
3502;2;116
3503;3;116
3504;4;116
3505;5;116
3506;6;116
3507;7;116
3508;8;116
3509;9;116
3510;10;116
3511;11;116
3512;12;116
3513;13;116
3514;14;116
3515;15;116
3516;16;116
3517;17;116
3518;18;116
3519;19;116
3520;20;116
3521;21;116
3522;22;116
3523;23;116
3524;24;116
3525;25;116
3526;26;116
3527;27;116
3528;28;116
3529;29;116
3530;30;116
3531;31;116
3532;1;117
3533;2;117
3534;3;117
3535;4;117
3536;5;117
3537;6;117
3538;7;117
3539;8;117
3540;9;117
3541;10;117
3542;11;117
3543;12;117
3544;13;117
3545;14;117
3546;15;117
3547;16;117
3548;17;117
3549;18;117
3550;19;117
3551;20;117
3552;21;117
3553;22;117
3554;23;117
3555;24;117
3556;25;117
3557;26;117
3558;27;117
3559;28;117
3560;29;117
3561;30;117
3562;1;118
3563;2;118
3564;3;118
3565;4;118
3566;5;118
3567;6;118
3568;7;118
3569;8;118
3570;9;118
3571;10;118
3572;11;118
3573;12;118
3574;13;118
3575;14;118
3576;15;118
3577;16;118
3578;17;118
3579;18;118
3580;19;118
3581;20;118
3582;21;118
3583;22;118
3584;23;118
3585;24;118
3586;25;118
3587;26;118
3588;27;118
3589;28;118
3590;29;118
3591;30;118
3592;31;118
3593;1;119
3594;2;119
3595;3;119
3596;4;119
3597;5;119
3598;6;119
3599;7;119
3600;8;119
3601;9;119
3602;10;119
3603;11;119
3604;12;119
3605;13;119
3606;14;119
3607;15;119
3608;16;119
3609;17;119
3610;18;119
3611;19;119
3612;20;119
3613;21;119
3614;22;119
3615;23;119
3616;24;119
3617;25;119
3618;26;119
3619;27;119
3620;28;119
3621;29;119
3622;30;119
3623;1;120
3624;2;120
3625;3;120
3626;4;120
3627;5;120
3628;6;120
3629;7;120
3630;8;120
3631;9;120
3632;10;120
3633;11;120
3634;12;120
3635;13;120
3636;14;120
3637;15;120
3638;16;120
3639;17;120
3640;18;120
3641;19;120
3642;20;120
3643;21;120
3644;22;120
3645;23;120
3646;24;120
3647;25;120
3648;26;120
3649;27;120
3650;28;120
3651;29;120
3652;30;120
3653;31;120
